Workbook

Sheet Statistics
A1: USER ACCEPTANCE TESTING REPORT
A4: Project Name | B4: Tutor Connect System | E4: Creator | F4: <Nhóm SEP490 - TCS>
A5: Project Code | B5: TCS | E5: Issue Date
A6: Document Code | B6: TCS_ACCEPTANCE_TEST_v1.0 | E6: Version | F6: 1.0
C10: Chấp nhận | D10: Từ chối | E10: Chưa kiểm tra | F10: Tổng
B11: Function | C11: =Function!B6 | D11: =Function!C6 | E11: =Function!D6 | F11: =SUM(C11:E11)
B12: Non-Function | C12: ='Non-Function'!B2 | D12: ='Non-Function'!C2 | E12: ='Non-Function'!D2 | F12: =SUM(C12:E12)
B13: Tổng | C13: =SUM(C11:C12) | D13: =SUM(D11:D12) | E13: =SUM(E11:E12) | F13: =SUM(F11:F12)
B15: Test coverage | C15: 100 | D15: %
B16: Test successful coverage | C16: =C13*100/F13 | D16: %
B57: Tổng cộng | C57: Chấp nhận | D57: Từ chối
B58: =COUNT(Function!A10:A49) | C58: =COUNTIF(Function!$D$10:$D$49,C57) | D58: =COUNTIF(Function!$D$10:$D$49,D57)
B60: Test coverage | C60: 100 | D60: %
B61: Test successful coverage | C61: =C58*100/B58 | D61: %

Sheet Function
A1: Ngày diễn ra | B1: Hình thức | C1: Giảng viên / Khách hàng đại diện | D1: Thông tin bổ sung
A2: <Ngày diễn ra UAT> | B2: <Hình thức: Online/Offline dưới sự chứng kiến của hội đồng> | C2: <Danh sách giảng viên/khách hàng đại diện> | D2: - Tên miền: <URL hệ thống TCS khi UAT> - Trình duyệt: Google Chrome
A5: Number of TCs | B5: Chấp nhận | C5: Từ chối | D5: Chưa kiểm tra | E5: N/A
A6: =COUNTA(A10:A49) | B6: =COUNTIF(D10:D49,B5) | C6: =COUNTIF(D10:D49,C5) | D6: =COUNTIF(D10:D49,D5) | E6: =COUNTIF($F8:$F994,E5)
A8: # | B8: Mô tả luồng chức năng | C8: Tiêu chí chấp nhận | D8: Kết quả kiểm thử | E8: Bình luận
A10: 1 | B10: Người dùng: Đăng ký tài khoản → nhận email chứa OTP → xác thực OTP → đăng nhập → đăng xuất | C10: - Người dùng nhận email chứa mã OTP sau khi đăng ký. - Bắt buộc xác thực OTP trong thời hạn quy định; quá hạn → OTP hết hiệu lực. - Sau xác thực, tài khoản chuyển ACTIVE và đăng nhập được bằng mật khẩu đã đăng ký. - Đăng ký email đã tồn tại bị từ chối. - Đăng xuất bình thường. | D10: Chưa kiểm tra
A11: 2 | B11: Người dùng: Quên mật khẩu → nhận email OTP → đặt lại mật khẩu → đăng nhập lại | C11: - Nhập email đã đăng ký, nhận email chứa mã OTP. - Sau xác thực, đặt lại mật khẩu mới theo business rule (độ dài/độ mạnh). - Đăng nhập lại bằng mật khẩu mới thành công; mật khẩu cũ không dùng được. | D11: Chưa kiểm tra
A12: 3 | B12: Người dùng: Đăng nhập bằng Google (tài khoản đã liên kết) và đăng ký mới bằng Google | C12: - Tài khoản đã liên kết Google: đăng nhập trả về đúng phiên người dùng, không tạo tài khoản trùng. - Email Google chưa có: tạo tài khoản mới (ACTIVE) và đăng nhập được. | D12: Chưa kiểm tra
A13: 4 | B13: Người dùng: Đổi mật khẩu khi đã đăng nhập | C13: - Nhập đúng mật khẩu hiện tại và mật khẩu mới hợp lệ → cập nhật thành công. - Sai mật khẩu hiện tại hoặc mật khẩu mới không hợp lệ → báo lỗi rõ ràng, không thay đổi. | D13: Chưa kiểm tra
A14: 5 | B14: Phụ huynh/Học viên: Tìm kiếm gia sư theo môn/khu vực → xem hồ sơ & đánh giá → thêm/bỏ yêu thích | C14: - Kết quả tìm kiếm đúng bộ lọc (môn, khu vực, từ khóa). - Xem được hồ sơ gia sư: kinh nghiệm, học phí, điểm đánh giá. - Thêm/bỏ gia sư khỏi danh sách yêu thích, lưu chính xác. | D14: Chưa kiểm tra
A15: 6 | B15: Phụ huynh/Học viên: Dùng trợ lý AI để được tư vấn tìm gia sư/lớp học | C15: - AI trả lời có tham chiếu gia sư/lớp/FAQ thật trong hệ thống (RAG). - Khi dịch vụ LLM lỗi/timeout, vẫn trả lời bằng cơ chế dự phòng. - Lịch sử phiên chat được lưu, tải lại đúng và có thể xóa. | D15: Chưa kiểm tra
A16: 7 | B16: Phụ huynh: Tạo lớp (nguyện vọng) → đăng công khai → xem ứng viên → chọn gia sư → từ chối ứng viên | C16: - Tạo lớp lưu bản nháp, đăng công khai hiển thị ở danh sách lớp mở. - Xem đầy đủ danh sách gia sư ứng tuyển và học phí đề xuất. - Chọn 1 gia sư → sinh phân công và hợp đồng chờ ký; các ứng viên khác được từ chối kèm lý do. - Không gỡ đăng được lớp đã có ứng tuyển. | D16: Chưa kiểm tra
A17: 8 | B17: Phụ huynh/Học viên: Ghi danh/đăng ký vào lớp học | C17: - Ghi danh thành công vào lớp đang mở đăng ký. - Không cho ghi danh trùng; gia sư chưa xác minh bị chặn theo quy tắc. | D17: Chưa kiểm tra
A18: 9 | B18: Phụ huynh/Học viên: Ký hợp đồng điện tử bằng OTP | C18: - Yêu cầu OTP → nhận email OTP → ký thành công. - OTP sai báo còn số lần thử; vượt ngưỡng hoặc hết hạn phải yêu cầu mã mới. - Khi đủ các bên ký, hợp đồng chuyển hoàn tất. | D18: Chưa kiểm tra
A19: 10 | B19: Phụ huynh: Nạp tiền vào ví qua cổng thanh toán SePay | C19: - Tạo lệnh nạp và thanh toán qua SePay. - Sau khi cổng xác nhận (webhook), số dư ví tăng đúng số tiền. - Nạp trùng (webhook lặp) không cộng tiền hai lần. | D19: Chưa kiểm tra
A20: 11 | B20: Phụ huynh/Học viên: Theo dõi buổi học & điểm danh; gửi yêu cầu đổi lịch buổi | C20: - Xem lịch và trạng thái điểm danh từng buổi. - Gửi yêu cầu đổi lịch hợp lệ; sau khi bên còn lại duyệt, lịch cập nhật đúng, không trùng buổi khác. | D20: Chưa kiểm tra
A21: 12 | B21: Phụ huynh/Học viên: Tạo tranh chấp/báo cáo sự cố lớp → theo dõi xử lý và hoàn tiền | C21: - Tạo tranh chấp cho lớp có escrow → escrow tạm giữ, tranh chấp mở. - Sau khi admin xử lý (hoàn một phần), tiền hoàn về ví đúng số; xem được trạng thái. - Có thể khiếu nại/mở lại tranh chấp đã xử lý. | D21: Chưa kiểm tra
... A49: 40 | B49: Admin: Xem dashboard thống kê hệ thống | C49: - Dashboard hiển thị số liệu tổng quan (người dùng, lớp, giao dịch...) chính xác và cập nhật. | D49: Chưa kiểm tra

Sheet Non-Function
A1: Number of TCs | B1: Chấp nhận | C1: Từ chối | D1: Chưa kiểm tra | E1: N/A
A2: =COUNTA(A6:A31) | B2: =COUNTIF(E6:E31,B1) | C2: =COUNTIF(E6:E31,C1) | D2: =COUNTIF(E6:E31,D1) | E2: =COUNTIF($F4:$F990,E1)
A5: ID | B5: Tiêu chí | C5: Cách kiểm tra trong UAT | D5: Ngưỡng chấp nhận | E5: Kết quả
A6: 1 | B6: Giao diện trực quan, dễ sử dụng | C6: Khảo sát Likert 1–5 với người dùng UAT | D6: ≥ 90% người dùng chấm ≥ 4/5 | E6: Chưa kiểm tra
A7: 2 | B7: Hoàn thành tác vụ cơ bản không cần hướng dẫn nhiều | C7: Quan sát + khảo sát | D7: ≥ 90% không cần hỗ trợ trực tiếp | E7: Chưa kiểm tra
A8: 3 | B8: Trải nghiệm tổng thể hài lòng | C8: Câu hỏi tổng hợp khảo sát | D8: Điểm hài lòng trung bình ≥ 4/5 | E8: Chưa kiểm tra
A9: 4 | B9: Responsive trên desktop & mobile | C9: Kiểm thử trên nhiều kích thước màn hình | D9: Hiển thị đúng ở mọi breakpoint chính | E9: Chưa kiểm tra
A10: 5 | B10: Thông báo lỗi/validation rõ ràng | C10: Bỏ trống field, nhập sai định dạng (email, số) | D10: Hiển thị lỗi ≤ 2 giây, nội dung dễ hiểu | E10: Chưa kiểm tra
A11: 6 | B11: Hỗ trợ tiếng Việt đầy đủ, thuật ngữ nhất quán | C11: Rà soát toàn bộ UI | D11: Không lỗi font, không thuật ngữ mâu thuẫn | E11: Chưa kiểm tra
A12: 7 | B12: Thời gian tải trang chủ | C12: Đo trên mạng phổ thông | D12: ≤ 3 giây | E12: Chưa kiểm tra
A13: 8 | B13: Độ trễ API đọc dữ liệu (P95) | C13: Báo cáo performance | D13: ≤ 2 giây | E13: Chưa kiểm tra
A14: 9 | B14: Tìm kiếm gia sư/lớp học | C14: Đo thời gian phản hồi | D14: ≤ 2 giây | E14: Chưa kiểm tra
A15: 10 | B15: Nạp/thanh toán phản hồi end-to-end | C15: Test end-to-end qua SePay | D15: ≤ 5 giây | E15: Chưa kiểm tra
A16: 11 | B16: Hỗ trợ người dùng đồng thời | C16: Load test | D16: ≥ 500 người dùng đồng thời | E16: Chưa kiểm tra
A17: 12 | B17: Tỷ lệ lỗi server (5xx) | C17: Log / báo cáo | D17: < 0.5% | E17: Chưa kiểm tra
... A31: 26 | B31: Ghi log/giám sát thao tác quan trọng | C31: Review audit log | D31: Có audit log cho hành động nhạy cảm | E31: Chưa kiểm tra

Sheet Consistency Notes
A1: Date | B1: 12/08/2026
A2: Purpose | B2: Document-code consistency notes for the current repository baseline.
A3: Implemented stack | B3: Java 21, Spring Boot 4.0.6, React 19.2.6, TypeScript 6.0.2, Vite 8.0.12, MySQL 8, Flyway V26, STOMP.
A4: Data model baseline | B4: 79 active JPA entities; Report 3 conceptual entities are core aggregates only.
A5: Security implemented | B5: BCrypt, JWT tokenVersion logout, private file access, magic-byte validation, conversation participant authorization.
A6: Security gaps | B6: Failed-login lockout, idle timeout, webhook API-key/signature validation, generic API/AI rate limiting, production WebSocket origin restriction.
A7: Testing implication | B7: Test documents must not mark unimplemented security gaps as passing controls.
